switch-4,FastEthernet0/1
switch-4,FastEthernet0/2
switch-4,FastEthernet0/3
switch-4,FastEthernet0/4
switch-4,FastEthernet0/5
switch-4,FastEthernet0/6
switch-4,FastEthernet0/7
switch-4,FastEthernet0/8
switch-4,FastEthernet0/9
switch-4,FastEthernet0/10
switch-4,FastEthernet0/11
switch-4,FastEthernet0/12
switch-4,FastEthernet0/13
switch-4,FastEthernet0/14
switch-4,FastEthernet0/15
switch-4,FastEthernet0/16
switch-4,FastEthernet0/17
switch-4,FastEthernet0/18
switch-4,FastEthernet0/19
switch-4,FastEthernet0/20
switch-4,FastEthernet0/21
switch-4,FastEthernet0/22
switch-4,FastEthernet0/23
switch-4,FastEthernet0/24
switch-4,GigabitEthernet0/1
switch-4,GigabitEthernet0/2
switch-4,Vlan1
switch-4,Vlan204
switch-5,FastEthernet0
switch-5,GigabitEthernet1/0/1
switch-5,GigabitEthernet1/0/2
switch-5,GigabitEthernet1/0/3
switch-5,GigabitEthernet1/0/4
switch-5,GigabitEthernet1/0/5
switch-5,GigabitEthernet1/0/6
switch-5,GigabitEthernet1/0/7
switch-5,GigabitEthernet1/0/8
switch-5,GigabitEthernet1/0/9
switch-5,GigabitEthernet1/0/10
switch-5,GigabitEthernet1/0/11
switch-5,GigabitEthernet1/0/12
switch-5,GigabitEthernet1/0/13
switch-5,GigabitEthernet1/0/14
switch-5,GigabitEthernet1/0/15
switch-5,GigabitEthernet1/0/16
switch-5,GigabitEthernet1/0/17
switch-5,GigabitEthernet1/0/18
switch-5,GigabitEthernet1/0/19
switch-5,GigabitEthernet1/0/20
switch-5,GigabitEthernet1/0/21
switch-5,GigabitEthernet1/0/22
switch-5,GigabitEthernet1/0/23
switch-5,GigabitEthernet1/0/24
switch-5,GigabitEthernet1/0/25
switch-5,GigabitEthernet1/0/26
switch-5,GigabitEthernet1/0/27
switch-5,GigabitEthernet1/0/28
switch-5,GigabitEthernet1/0/29
switch-5,GigabitEthernet1/0/30
switch-5,GigabitEthernet1/0/31
switch-5,GigabitEthernet1/0/32
switch-5,GigabitEthernet1/0/33
switch-5,GigabitEthernet1/0/34
switch-5,GigabitEthernet1/0/35
switch-5,GigabitEthernet1/0/36
switch-5,GigabitEthernet1/0/37
switch-5,GigabitEthernet1/0/38
switch-5,GigabitEthernet1/0/39
switch-5,GigabitEthernet1/0/40
switch-5,GigabitEthernet1/0/41
switch-5,GigabitEthernet1/0/42
switch-5,GigabitEthernet1/0/43
switch-5,GigabitEthernet1/0/44
switch-5,GigabitEthernet1/0/45
switch-5,GigabitEthernet1/0/46
switch-5,GigabitEthernet1/0/47
switch-5,GigabitEthernet1/0/48
switch-5,GigabitEthernet1/0/49
switch-5,GigabitEthernet1/0/50
switch-5,GigabitEthernet1/0/51
switch-5,GigabitEthernet1/0/52
switch-5,Vlan1
switch-5,Vlan204
switch-7,FastEthernet0
switch-7,GigabitEthernet1/0/1
switch-7,GigabitEthernet1/0/2
switch-7,GigabitEthernet1/0/3
switch-7,GigabitEthernet1/0/4
switch-7,GigabitEthernet1/0/5
switch-7,GigabitEthernet1/0/6
switch-7,GigabitEthernet1/0/7
switch-7,GigabitEthernet1/0/8
switch-7,GigabitEthernet1/0/9
switch-7,GigabitEthernet1/0/10
switch-7,GigabitEthernet1/0/11
switch-7,GigabitEthernet1/0/12
switch-7,GigabitEthernet1/0/13
switch-7,GigabitEthernet1/0/14
switch-7,GigabitEthernet1/0/15
switch-7,GigabitEthernet1/0/16
switch-7,GigabitEthernet1/0/17
switch-7,GigabitEthernet1/0/18
switch-7,GigabitEthernet1/0/19
switch-7,GigabitEthernet1/0/20
switch-7,GigabitEthernet1/0/21
switch-7,GigabitEthernet1/0/22
switch-7,GigabitEthernet1/0/23
switch-7,GigabitEthernet1/0/24
switch-7,GigabitEthernet1/0/25
switch-7,GigabitEthernet1/0/26
switch-7,GigabitEthernet1/0/27
switch-7,GigabitEthernet1/0/28
switch-7,GigabitEthernet1/0/29
switch-7,GigabitEthernet1/0/30
switch-7,GigabitEthernet1/0/31
switch-7,GigabitEthernet1/0/32
switch-7,GigabitEthernet1/0/33
switch-7,GigabitEthernet1/0/34
switch-7,GigabitEthernet1/0/35
switch-7,GigabitEthernet1/0/36
switch-7,GigabitEthernet1/0/37
switch-7,GigabitEthernet1/0/38
switch-7,GigabitEthernet1/0/39
switch-7,GigabitEthernet1/0/40
switch-7,GigabitEthernet1/0/41
switch-7,GigabitEthernet1/0/42
switch-7,GigabitEthernet1/0/43
switch-7,GigabitEthernet1/0/44
switch-7,GigabitEthernet1/0/45
switch-7,GigabitEthernet1/0/46
switch-7,GigabitEthernet1/0/47
switch-7,GigabitEthernet1/0/48
switch-7,GigabitEthernet1/0/49
switch-7,GigabitEthernet1/0/50
switch-7,GigabitEthernet1/0/51
switch-7,GigabitEthernet1/0/52
switch-7,Vlan1
switch-7,Vlan204
switch-6,FastEthernet0/1
switch-6,FastEthernet0/2
switch-6,FastEthernet0/3
switch-6,FastEthernet0/4
switch-6,FastEthernet0/5
switch-6,FastEthernet0/6
switch-6,FastEthernet0/7
switch-6,FastEthernet0/8
switch-6,FastEthernet0/9
switch-6,FastEthernet0/10
switch-6,FastEthernet0/11
switch-6,FastEthernet0/12
switch-6,FastEthernet0/13
switch-6,FastEthernet0/14
switch-6,FastEthernet0/15
switch-6,FastEthernet0/16
switch-6,FastEthernet0/17
switch-6,FastEthernet0/18
switch-6,FastEthernet0/19
switch-6,FastEthernet0/20
switch-6,FastEthernet0/21
switch-6,FastEthernet0/22
switch-6,FastEthernet0/23
switch-6,FastEthernet0/24
switch-6,GigabitEthernet0/1
switch-6,GigabitEthernet0/2
switch-6,Vlan1
switch-6,Vlan204
switch-2,FastEthernet0
switch-2,GigabitEthernet1/0/1
switch-2,GigabitEthernet1/0/2
switch-2,GigabitEthernet1/0/3
switch-2,GigabitEthernet1/0/4
switch-2,GigabitEthernet1/0/5
switch-2,GigabitEthernet1/0/6
switch-2,GigabitEthernet1/0/7
switch-2,GigabitEthernet1/0/8
switch-2,GigabitEthernet1/0/9
switch-2,GigabitEthernet1/0/10
switch-2,GigabitEthernet1/0/11
switch-2,GigabitEthernet1/0/12
switch-2,GigabitEthernet1/0/13
switch-2,GigabitEthernet1/0/14
switch-2,GigabitEthernet1/0/15
switch-2,GigabitEthernet1/0/16
switch-2,GigabitEthernet1/0/17
switch-2,GigabitEthernet1/0/18
switch-2,GigabitEthernet1/0/19
switch-2,GigabitEthernet1/0/20
switch-2,GigabitEthernet1/0/21
switch-2,GigabitEthernet1/0/22
switch-2,GigabitEthernet1/0/23
switch-2,GigabitEthernet1/0/24
switch-2,GigabitEthernet1/0/25
switch-2,GigabitEthernet1/0/26
switch-2,GigabitEthernet1/0/27
switch-2,GigabitEthernet1/0/28
switch-2,GigabitEthernet1/0/29
switch-2,GigabitEthernet1/0/30
switch-2,GigabitEthernet1/0/31
switch-2,GigabitEthernet1/0/32
switch-2,GigabitEthernet1/0/33
switch-2,GigabitEthernet1/0/34
switch-2,GigabitEthernet1/0/35
switch-2,GigabitEthernet1/0/36
switch-2,GigabitEthernet1/0/37
switch-2,GigabitEthernet1/0/38
switch-2,GigabitEthernet1/0/39
switch-2,GigabitEthernet1/0/40
switch-2,GigabitEthernet1/0/41
switch-2,GigabitEthernet1/0/42
switch-2,GigabitEthernet1/0/43
switch-2,GigabitEthernet1/0/44
switch-2,GigabitEthernet1/0/45
switch-2,GigabitEthernet1/0/46
switch-2,GigabitEthernet1/0/47
switch-2,GigabitEthernet1/0/48
switch-2,GigabitEthernet1/0/49
switch-2,GigabitEthernet1/0/50
switch-2,GigabitEthernet1/0/51
switch-2,GigabitEthernet1/0/52
switch-2,Vlan1
switch-2,Vlan204
switch-3,FastEthernet0/1
switch-3,FastEthernet0/2
switch-3,FastEthernet0/3
switch-3,FastEthernet0/4
switch-3,FastEthernet0/5
switch-3,FastEthernet0/6
switch-3,FastEthernet0/7
switch-3,FastEthernet0/8
switch-3,FastEthernet0/9
switch-3,FastEthernet0/10
switch-3,FastEthernet0/11
switch-3,FastEthernet0/12
switch-3,FastEthernet0/13
switch-3,FastEthernet0/14
switch-3,FastEthernet0/15
switch-3,FastEthernet0/16
switch-3,FastEthernet0/17
switch-3,FastEthernet0/18
switch-3,FastEthernet0/19
switch-3,FastEthernet0/20
switch-3,FastEthernet0/21
switch-3,FastEthernet0/22
switch-3,FastEthernet0/23
switch-3,FastEthernet0/24
switch-3,GigabitEthernet0/1
switch-3,GigabitEthernet0/2
switch-3,Vlan1
switch-3,Vlan204
switch-3,Vlan2175
switch-1,FastEthernet0/1
switch-1,FastEthernet0/2
switch-1,FastEthernet0/3
switch-1,FastEthernet0/4
switch-1,FastEthernet0/5
switch-1,FastEthernet0/6
switch-1,FastEthernet0/7
switch-1,FastEthernet0/8
switch-1,FastEthernet0/9
switch-1,FastEthernet0/10
switch-1,FastEthernet0/11
switch-1,FastEthernet0/12
switch-1,FastEthernet0/13
switch-1,FastEthernet0/14
switch-1,FastEthernet0/15
switch-1,FastEthernet0/16
switch-1,FastEthernet0/17
switch-1,FastEthernet0/18
switch-1,FastEthernet0/19
switch-1,FastEthernet0/20
switch-1,FastEthernet0/21
switch-1,FastEthernet0/22
switch-1,FastEthernet0/23
switch-1,FastEthernet0/24
switch-1,GigabitEthernet0/1
switch-1,GigabitEthernet0/2
switch-1,Vlan1
switch-1,Vlan204
